OP_CARRIER,ARR_DELAY
NK,14.471799501705833
F9,12.504706404706404
B6,6.677860800940307
EV,6.585378691739733
MQ,6.457873460764516
OO,5.845652151300072
UA,5.431593935741549
VX,4.737705721003135
WN,4.3749636792570525
US,3.7062088424131026
AA,3.4513721447256764
HA,2.023092805197196
DL,0.18675361236390797
AS,-0.9765630924118783
