OP_CARRIER,Cancellation Rate
9E,0.025842052399793425
AA,0.01630094522577
AS,0.008980269448773401
B6,0.021045211632405494
DL,0.0037164891818351324
EV,0.02794617773177584
F9,0.019394343316532676
G4,0.007992018374367341
HA,0.002986037289633673
MQ,0.035996500011824285
NK,0.009859346796989408
OH,0.042627766585146
OO,0.013705584412061432
UA,0.007888153290484503
VX,0.0245048104131296
WN,0.013511495306649947
YV,0.025704431574152406
YX,0.031952924799898766
